{"_type":"export","__export_format":4,"__export_date":"2022-04-30T01:01:05.284Z","__export_source":"insomnia.desktop.app:v7.1.1","resources":[{"_id":"req_7a0a38a7fe9347e5b2b67cb8f6224f25","authentication":{},"body":{"mimeType":"application/x-www-form-urlencoded","params":[{"description":"","id":"pair_46bf76006f014172a361c9cd4fc7a179","name":"id_tipo_usuario","value":"1"},{"description":"","id":"pair_41b67150309d4410b7f175230f6fde88","name":"matricula","value":"145753"},{"description":"","id":"pair_0abd84ceb0714b968a0e5c952adc4419","name":"nombre","value":"Pablo Garcia"},{"description":"","id":"pair_bfe86b16e3c04b11905e466bf00efa57","name":"correo","value":"pablo@correo.com"},{"description":"","id":"pair_b4fc2a5c3f5d4de4aab71ab85b9dc510","name":"contacto_covid","value":"0"},{"description":"","id":"pair_df12e7daa9e447c0b35cedc289ee8f4b","name":"vacunado","value":"1"},{"description":"","id":"pair_0a1da3bc14764a9ab12b6e5de23fa9b2","name":"sintomas[]","value":"3"},{"description":"","id":"pair_19369c4dcb4f4ce88a5719477c0b57f6","name":"sintomas[]","value":"5"},{"description":"","id":"pair_293bf23306d3448ba2a84bd9b7a8d506","name":"","value":""}]},"created":1651275206725,"description":"","headers":[{"id":"pair_8482bb75016e4b78b08e838859608a97","name":"Content-Type","value":"application/x-www-form-urlencoded"}],"isPrivate":false,"metaSortKey":-1651275206726,"method":"POST","modified":1651279955164,"name":"Capturar respuesta encuesta","parameters":[],"parentId":"wrk_7bc8f9a013384c24be5b01fbbb80f43d","settingDisableRenderRequestBody":false,"settingEncodeUrl":true,"settingFollowRedirects":"global","settingRebuildPath":true,"settingSendCookies":true,"settingStoreCookies":true,"url":"http://localhost:8000/api/capturas","_type":"request"},{"_id":"wrk_7bc8f9a013384c24be5b01fbbb80f43d","created":1651275186418,"description":"","modified":1651275186418,"name":"Covid","parentId":null,"_type":"workspace"},{"_id":"env_4efcf4b34695b6689f1cbcb149feec96f7650e43","color":null,"created":1651275186486,"data":{},"dataPropertyOrder":null,"isPrivate":false,"metaSortKey":1651275186486,"modified":1651275186486,"name":"Base Environment","parentId":"wrk_7bc8f9a013384c24be5b01fbbb80f43d","_type":"environment"},{"_id":"jar_4efcf4b34695b6689f1cbcb149feec96f7650e43","cookies":[],"created":1651275186489,"modified":1651275186489,"name":"Default Jar","parentId":"wrk_7bc8f9a013384c24be5b01fbbb80f43d","_type":"cookie_jar"}]}